Run ID,Name,Source Type,Source Name,User,Status,Parameters,batchsize,cell_type,epochs,exp,location,lr,n_hidden,nsteps,num_layers,run,savedir,verbosity,Test_openloss,bestdev,dev_openloss,devloss,nstep_dev_loss,nstep_test_loss,nstep_train_loss,train_openloss,trainloss
b3efa5332a8848cd938dc9584b0e7df2,9_0.01_ssm_white,LOCAL,system_id_nlin.py,tuor369,FINISHED,51,-1,ssm_white,15000,sysid_ssm_white_8_False,mlruns,0.01,8,8,1,9_0.01_ssm_white,weights/garbage/,100,15.338848114013672,0.0834173858165741,23.00890350341797,0.08434607833623886,0.0834173858165741,0.07172646373510361,0.05425044894218445,5.216177940368652,0.054166488349437714
311ca416d4b64fcb959e73464fb56c36,8_0.01_ssm_white,LOCAL,system_id_nlin.py,tuor369,FINISHED,51,-1,ssm_white,15000,sysid_ssm_white_8_False,mlruns,0.01,8,8,1,8_0.01_ssm_white,weights/garbage/,100,15.496569633483887,0.08333083242177963,22.947832107543945,0.08409015834331512,0.08333083242177963,0.07191475480794907,0.054269272834062576,5.242187023162842,0.054165005683898926
758e9709886347ef8768bd16bc1e233f,7_0.01_ssm_white,LOCAL,system_id_nlin.py,tuor369,FINISHED,51,-1,ssm_white,15000,sysid_ssm_white_8_False,mlruns,0.01,8,8,1,7_0.01_ssm_white,weights/garbage/,100,15.110186576843262,0.08354278653860092,23.05621337890625,0.08430767059326172,0.08354278653860092,0.0720333680510521,0.054321207106113434,5.190107345581055,0.05419231951236725
1c92732d9e464f899f1bc0d609adbefe,6_0.01_ssm_white,LOCAL,system_id_nlin.py,tuor369,FINISHED,51,-1,ssm_white,15000,sysid_ssm_white_8_False,mlruns,0.01,8,8,1,6_0.01_ssm_white,weights/garbage/,100,15.729494094848633,0.0832294300198555,22.839658737182617,0.0841522365808487,0.0832294300198555,0.07242359220981598,0.054348357021808624,5.286674499511719,0.05416567251086235
1a48d8066fec421a91a2a685a8aa6e2e,5_0.01_ssm_white,LOCAL,system_id_nlin.py,tuor369,FINISHED,51,-1,ssm_white,15000,sysid_ssm_white_8_False,mlruns,0.01,8,8,1,5_0.01_ssm_white,weights/garbage/,100,15.479602813720703,0.08333530277013779,22.9444522857666,0.0844709649682045,0.08333530277013779,0.07202985882759094,0.05429009348154068,5.2418389320373535,0.05416976287961006
a349adc7a9d64ccfac368d279ba15bb6,4_0.01_ssm_white,LOCAL,system_id_nlin.py,tuor369,FINISHED,51,-1,ssm_white,15000,sysid_ssm_white_8_False,mlruns,0.01,8,8,1,4_0.01_ssm_white,weights/garbage/,100,15.413785934448242,0.08339741080999374,22.946828842163086,0.08435788750648499,0.08339741080999374,0.07224560528993607,0.05433664843440056,5.235503196716309,0.05419140309095383
ff54dfa49b0b499fbd5a7c4e9490bccf,3_0.01_ssm_white,LOCAL,system_id_nlin.py,tuor369,FINISHED,51,-1,ssm_white,15000,sysid_ssm_white_8_False,mlruns,0.01,8,8,1,3_0.01_ssm_white,weights/garbage/,100,16.030162811279297,0.08306747674942017,22.749441146850586,0.08426112681627274,0.08306747674942017,0.07272042334079742,0.05437939241528511,5.3433403968811035,0.05417000502347946
a54e9b047da444eaa064551dd447b352,2_0.01_ssm_white,LOCAL,system_id_nlin.py,tuor369,FINISHED,51,-1,ssm_white,15000,sysid_ssm_white_8_False,mlruns,0.01,8,8,1,2_0.01_ssm_white,weights/garbage/,100,15.205788612365723,0.0834631621837616,23.049591064453125,0.08427397906780243,0.0834631621837616,0.07176961749792099,0.05426397547125816,5.1997199058532715,0.054174039512872696
35aa6e08134d4bfa801cd5e61b0ce777,1_0.01_ssm_white,LOCAL,system_id_nlin.py,tuor369,FINISHED,51,-1,ssm_white,15000,sysid_ssm_white_8_False,mlruns,0.01,8,8,1,1_0.01_ssm_white,weights/garbage/,100,15.62861442565918,0.08326166123151779,22.89534568786621,0.08422599732875824,0.08326166123151779,0.07211612910032272,0.05429399013519287,5.265976428985596,0.05415986850857735
d87b233c882e465f822fd2f673f76567,0_0.01_ssm_white,LOCAL,system_id_nlin.py,tuor369,FINISHED,51,-1,ssm_white,15000,sysid_ssm_white_8_False,mlruns,0.01,8,8,1,0_0.01_ssm_white,weights/garbage/,100,15.538804054260254,0.08329588174819946,22.923368453979492,0.0843755230307579,0.08329588174819946,0.07208053767681122,0.05429313704371452,5.252607345581055,0.054161764681339264
b95678be03c747bea0ac6dc4d4d24e65,9_0.03_ssm_white,LOCAL,system_id_nlin.py,tuor369,FINISHED,51,-1,ssm_white,15000,sysid_ssm_white_8_False,mlruns,0.03,8,8,1,9_0.03_ssm_white,weights/garbage/,100,19.09092903137207,0.08262425661087036,22.12944221496582,0.08459591865539551,0.08262425661087036,0.07700397819280624,0.05526095628738403,6.109466075897217,0.05415603518486023
6d50a18d7cb548a18a1dfe3fa7076d97,8_0.03_ssm_white,LOCAL,system_id_nlin.py,tuor369,FINISHED,51,-1,ssm_white,15000,sysid_ssm_white_8_False,mlruns,0.03,8,8,1,8_0.03_ssm_white,weights/garbage/,100,19.21066665649414,0.08267278224229813,22.105802536010742,0.08456864953041077,0.08267278224229813,0.07745052874088287,0.05539602041244507,6.155406475067139,0.054163429886102676
125e6303767c4968a9fb885bb26bda2b,7_0.03_ssm_white,LOCAL,system_id_nlin.py,tuor369,FINISHED,51,-1,ssm_white,15000,sysid_ssm_white_8_False,mlruns,0.03,8,8,1,7_0.03_ssm_white,weights/garbage/,100,18.794391632080078,0.08269662410020828,22.154747009277344,0.08441933244466782,0.08269662410020828,0.07672248035669327,0.0551840104162693,6.022354602813721,0.054176922887563705
7b690a8ef2b44637ab154b415f009d8d,6_0.03_ssm_white,LOCAL,system_id_nlin.py,tuor369,FINISHED,51,-1,ssm_white,15000,sysid_ssm_white_8_False,mlruns,0.03,8,8,1,6_0.03_ssm_white,weights/garbage/,100,19.571460723876953,0.08259761333465576,22.087045669555664,0.08448730409145355,0.08259761333465576,0.07770349830389023,0.055467769503593445,6.261393070220947,0.054160114377737045
1b87cdfd11774b739a5edf7832ad6c79,5_0.03_ssm_white,LOCAL,system_id_nlin.py,tuor369,FINISHED,51,-1,ssm_white,15000,sysid_ssm_white_8_False,mlruns,0.03,8,8,1,5_0.03_ssm_white,weights/garbage/,100,18.741622924804688,0.08267471939325333,22.165706634521484,0.08501570671796799,0.08267471939325333,0.07657252252101898,0.05513997748494148,6.0049848556518555,0.054195769131183624
363e4533d9c4478a91c0f8d75994e0e3,4_0.03_ssm_white,LOCAL,system_id_nlin.py,tuor369,FINISHED,51,-1,ssm_white,15000,sysid_ssm_white_8_False,mlruns,0.03,8,8,1,4_0.03_ssm_white,weights/garbage/,100,19.565160751342773,0.08258429169654846,22.090381622314453,0.08458752930164337,0.08258429169654846,0.07763605564832687,0.05544489994645119,6.257343769073486,0.054159536957740784
9786e0e541234f78b89b75ed06115536,3_0.03_ssm_white,LOCAL,system_id_nlin.py,tuor369,FINISHED,51,-1,ssm_white,15000,sysid_ssm_white_8_False,mlruns,0.03,8,8,1,3_0.03_ssm_white,weights/garbage/,100,18.35830307006836,0.08278161287307739,22.20423126220703,0.08462236076593399,0.08278161287307739,0.07628901302814484,0.05507005751132965,5.900415897369385,0.05416693538427353
e7e2aab8ba85432397f8cee33f43d9b3,2_0.03_ssm_white,LOCAL,system_id_nlin.py,tuor369,FINISHED,51,-1,ssm_white,15000,sysid_ssm_white_8_False,mlruns,0.03,8,8,1,2_0.03_ssm_white,weights/garbage/,100,19.111143112182617,0.0826418399810791,22.121540069580078,0.08452200144529343,0.0826418399810791,0.07716013491153717,0.05530909448862076,6.120058059692383,0.05415564030408859
b73db715955a4b3188321b10982daa22,1_0.03_ssm_white,LOCAL,system_id_nlin.py,tuor369,FINISHED,51,-1,ssm_white,15000,sysid_ssm_white_8_False,mlruns,0.03,8,8,1,1_0.03_ssm_white,weights/garbage/,100,18.53154182434082,0.08267246186733246,22.20130157470703,0.08455099910497665,0.08267246186733246,0.07609543949365616,0.05500870198011398,5.937424659729004,0.054151639342308044
3106ad4fab8e4f59b7860a1e99922857,0_0.03_ssm_white,LOCAL,system_id_nlin.py,tuor369,FINISHED,51,-1,ssm_white,15000,sysid_ssm_white_8_False,mlruns,0.03,8,8,1,0_0.03_ssm_white,weights/garbage/,100,19.067441940307617,0.08265917748212814,22.124210357666016,0.0845491886138916,0.08265917748212814,0.07706932723522186,0.055284373462200165,6.103829383850098,0.05415520444512367
4b062064cecc44e28e1881437063e9cd,9_0.001_ssm_white,LOCAL,system_id_nlin.py,tuor369,FINISHED,51,-1,ssm_white,15000,sysid_ssm_white_8_False,mlruns,0.001,8,8,1,9_0.001_ssm_white,weights/garbage/,100,12.92058277130127,0.08527807146310806,24.0809383392334,0.08527947217226028,0.08527807146310806,0.07089205831289291,0.0545569472014904,5.003814697265625,0.05455676466226578
566345388ec9407694ce5a9f3e1ec075,8_0.001_ssm_white,LOCAL,system_id_nlin.py,tuor369,FINISHED,51,-1,ssm_white,15000,sysid_ssm_white_8_False,mlruns,0.001,8,8,1,8_0.001_ssm_white,weights/garbage/,100,13.018230438232422,0.08570721000432968,23.94208526611328,0.08570721000432968,0.08570721000432968,0.0711299255490303,0.05464212968945503,4.987626552581787,0.05464240908622742
d500272e2adb477d88dc7a900b50755d,7_0.001_ssm_white,LOCAL,system_id_nlin.py,tuor369,FINISHED,51,-1,ssm_white,15000,sysid_ssm_white_8_False,mlruns,0.001,8,8,1,7_0.001_ssm_white,weights/garbage/,100,12.92219066619873,0.08529771864414215,24.044437408447266,0.085300013422966,0.08529771864414215,0.07087881863117218,0.054561547935009,4.992612361907959,0.05456133931875229
782a3319a7fc48069bbb6f03235769c2,6_0.001_ssm_white,LOCAL,system_id_nlin.py,tuor369,FINISHED,51,-1,ssm_white,15000,sysid_ssm_white_8_False,mlruns,0.001,8,8,1,6_0.001_ssm_white,weights/garbage/,100,12.891180038452148,0.08519509434700012,24.11783218383789,0.08519534021615982,0.08519509434700012,0.07081810384988785,0.05450133979320526,4.997346878051758,0.05450115725398064
cfb2dfad9ced4bc88bd9c5079a2e548e,5_0.001_ssm_white,LOCAL,system_id_nlin.py,tuor369,FINISHED,51,-1,ssm_white,15000,sysid_ssm_white_8_False,mlruns,0.001,8,8,1,5_0.001_ssm_white,weights/garbage/,100,12.056680679321289,0.08617357164621353,24.572696685791016,0.08617357164621353,0.08617357164621353,0.07143379747867584,0.054794542491436005,5.010431289672852,0.054794810712337494
fb1656abcae540b9a7e878f207fe90f4,4_0.001_ssm_white,LOCAL,system_id_nlin.py,tuor369,FINISHED,51,-1,ssm_white,15000,sysid_ssm_white_8_False,mlruns,0.001,8,8,1,4_0.001_ssm_white,weights/garbage/,100,12.822903633117676,0.08536850661039352,24.12820816040039,0.08536850661039352,0.08536850661039352,0.070994071662426,0.05462338402867317,5.009622573852539,0.054623667150735855
f6cda0afece243ce985cd3f9b115a6cb,3_0.001_ssm_white,LOCAL,system_id_nlin.py,tuor369,FINISHED,51,-1,ssm_white,15000,sysid_ssm_white_8_False,mlruns,0.001,8,8,1,3_0.001_ssm_white,weights/garbage/,100,13.421920776367188,0.08498243987560272,23.793926239013672,0.0849832072854042,0.08498243987560272,0.07073908299207687,0.05447697266936302,5.014270305633545,0.054476696997880936
d5df0ae55b074a48a1bdad191ec1f962,2_0.001_ssm_white,LOCAL,system_id_nlin.py,tuor369,FINISHED,51,-1,ssm_white,15000,sysid_ssm_white_8_False,mlruns,0.001,8,8,1,2_0.001_ssm_white,weights/garbage/,100,12.389629364013672,0.08573441207408905,24.381528854370117,0.08573441207408905,0.08573441207408905,0.07110720127820969,0.0546596422791481,5.004096508026123,0.054659824818372726
89044c256b94431d81a195ca13d0ae26,1_0.001_ssm_white,LOCAL,system_id_nlin.py,tuor369,FINISHED,51,-1,ssm_white,15000,sysid_ssm_white_8_False,mlruns,0.001,8,8,1,1_0.001_ssm_white,weights/garbage/,100,12.638083457946777,0.08552835136651993,24.225400924682617,0.08552967011928558,0.08552835136651993,0.07100407034158707,0.054620109498500824,4.989855766296387,0.054620109498500824
16b1f207f5594f08985ec3ca6b0cf4ff,0_0.001_ssm_white,LOCAL,system_id_nlin.py,tuor369,FINISHED,51,-1,ssm_white,15000,sysid_ssm_white_8_False,mlruns,0.001,8,8,1,0_0.001_ssm_white,weights/garbage/,100,12.896055221557617,0.08561752736568451,24.016029357910156,0.08561752736568451,0.08561752736568451,0.07112620770931244,0.05465777963399887,4.991109371185303,0.05465812236070633
